array_out,n_features,n_passthrough,peak_memory,time
default,100000,1,851.7578125,3.733493987
default,100000,1,851.765625,3.562316572
default,100000,1,851.70703125,3.703972584
default,100000,2,851.75390625,3.633499201
default,100000,2,851.75390625,3.712679031
default,100000,2,851.765625,3.674359705
default,100000,3,851.75390625,3.65451086
default,100000,3,851.8125,3.644633706
default,100000,3,851.6875,3.804546732
default,300000,1,851.73046875,4.017950362
default,300000,1,851.828125,3.894369109
default,300000,1,851.63671875,3.971872403
default,300000,2,851.7109375,3.880386835
default,300000,2,851.75390625,3.801768414
default,300000,2,851.76953125,3.930843566
default,300000,3,851.83203125,3.847659136
default,300000,3,851.6328125,3.972386391
default,300000,3,851.90234375,3.830533879
default,500000,1,851.66015625,3.43376995
default,500000,1,851.6796875,3.637803966
default,500000,1,851.68359375,3.581698649
default,500000,2,851.65234375,3.488473742
default,500000,2,851.78125,3.52405127
default,500000,2,851.65234375,3.562597143
default,500000,3,851.71875,3.553383288
default,500000,3,851.77734375,3.621688776
default,500000,3,851.65234375,3.57028211
pandas,100000,1,1315.6796875,15.587168862
pandas,100000,1,1391.51953125,16.11967745
pandas,100000,1,1391.38671875,15.487103401
pandas,100000,2,1472.68359375,29.031370881
pandas,100000,2,1473.19140625,28.873659311
pandas,100000,2,1396.7890625,28.253811204
pandas,100000,3,1415.18359375,42.055185012
pandas,100000,3,1491.59765625,41.635975088
pandas,100000,3,1491.296875,41.721416571
pandas,300000,1,1843.15625,37.175801955
pandas,300000,1,1843.28515625,37.942439042
pandas,300000,1,1843.1953125,37.029822191
pandas,300000,2,1890.0625,73.972516849
pandas,300000,2,1889.94140625,76.52862471
pandas,300000,2,1887.765625,75.515874334
pandas,300000,3,1950.765625,113.088622816
pandas,300000,3,1952.4921875,112.042838131
pandas,300000,3,1950.15234375,111.476854121
pandas,500000,1,2236.484375,60.630120847
pandas,500000,1,2237.0859375,58.434808259
pandas,500000,1,2236.4375,60.013631331
pandas,500000,2,2256.140625,118.909124965
pandas,500000,2,2259.328125,120.064193689
pandas,500000,2,2256.3828125,120.234072576
pandas,500000,3,2274.51953125,177.414891109
pandas,500000,3,2274.5,179.863194276
pandas,500000,3,2270.47265625,178.968642495
xarray,100000,1,1485.84375,5.046659755
xarray,100000,1,1486.1484375,5.140387681
xarray,100000,1,1485.9453125,5.083908649
xarray,100000,2,1493.765625,6.066379804
xarray,100000,2,1493.828125,6.105812918
xarray,100000,2,1494.1953125,6.167767857
xarray,100000,3,1493.61328125,7.109446042
xarray,100000,3,1493.75,6.982460809
xarray,100000,3,1493.734375,7.343983397
xarray,300000,1,1531.68359375,5.415014375
xarray,300000,1,1531.734375,5.338948108
xarray,300000,1,1531.48828125,5.437550106
xarray,300000,2,1531.796875,6.388253803
xarray,300000,2,1531.86328125,6.488902646
xarray,300000,2,1531.875,6.526659156
xarray,300000,3,1531.6484375,7.454684888
xarray,300000,3,1531.6640625,7.229798319
xarray,300000,3,1531.4921875,7.44612423
xarray,500000,1,1568.7265625,5.188200988
xarray,500000,1,1568.61328125,5.117670322
xarray,500000,1,1568.6796875,5.287829815
xarray,500000,2,1568.9921875,6.270626121
xarray,500000,2,1568.4765625,6.500793542
xarray,500000,2,1568.9296875,6.155282098
xarray,500000,3,1568.53125,7.135028381
xarray,500000,3,1569.0078125,7.054628567
xarray,500000,3,1568.87109375,7.221466423
pydata/sparse,100000,1,1149.36328125,4.17678741
pydata/sparse,100000,1,1149.5,4.215841491
pydata/sparse,100000,1,1149.69140625,4.119376866
pydata/sparse,100000,2,1463.390625,4.993702968
pydata/sparse,100000,2,1463.58984375,4.863729536
pydata/sparse,100000,2,1463.171875,4.832953817
pydata/sparse,100000,3,1463.28515625,6.002925881
pydata/sparse,100000,3,1463.15234375,5.957279542
pydata/sparse,100000,3,1462.9921875,5.717292479
pydata/sparse,300000,1,1150.04296875,4.459888616
pydata/sparse,300000,1,1148.78515625,4.316242039
pydata/sparse,300000,1,1149.40625,4.373476808
pydata/sparse,300000,2,1463.10546875,5.299512703
pydata/sparse,300000,2,1463.6484375,5.258501856
pydata/sparse,300000,2,1463.64453125,5.293019784
pydata/sparse,300000,3,1463.64453125,6.270732391
pydata/sparse,300000,3,1463.44921875,6.156767784
pydata/sparse,300000,3,1463.33984375,6.020298418
pydata/sparse,500000,1,1149.83203125,4.116544501
pydata/sparse,500000,1,1149.69921875,4.074314097
pydata/sparse,500000,1,1150.41015625,4.146127602
pydata/sparse,500000,2,1463.07421875,4.889310961
pydata/sparse,500000,2,1463.37109375,4.931611495
pydata/sparse,500000,2,1463.2578125,4.983964156
pydata/sparse,500000,3,1463.44140625,5.925121334
pydata/sparse,500000,3,1463.7734375,5.694530917
pydata/sparse,500000,3,1463.26953125,5.922227554
pandas/pydata/sparse,100000,1,2183.50390625,36.585010493
pandas/pydata/sparse,100000,1,2183.8046875,37.857536996
pandas/pydata/sparse,100000,1,2184.02734375,36.877928354
pandas/pydata/sparse,100000,2,2186.6328125,71.269337018
pandas/pydata/sparse,100000,2,2186.6015625,72.430535703
pandas/pydata/sparse,100000,2,2185.9296875,72.365964208
pandas/pydata/sparse,100000,3,2185.92578125,103.864270412
pandas/pydata/sparse,100000,3,2187.0234375,107.484161718
pandas/pydata/sparse,100000,3,2186.40625,103.441604535
pandas/pydata/sparse,300000,1,2211.34765625,45.093797346
pandas/pydata/sparse,300000,1,2211.1640625,44.920656236
pandas/pydata/sparse,300000,1,2211.51171875,43.671154674
pandas/pydata/sparse,300000,2,2214.2265625,88.304572221
pandas/pydata/sparse,300000,2,2214.0390625,85.978554921
pandas/pydata/sparse,300000,2,2214.20703125,85.78451855
pandas/pydata/sparse,300000,3,2213.62890625,131.555570537
pandas/pydata/sparse,300000,3,2214.37890625,132.120276963
pandas/pydata/sparse,300000,3,2214.3984375,127.473996334
pandas/pydata/sparse,500000,1,2230.421875,47.637632903
pandas/pydata/sparse,500000,1,2230.55859375,47.561781904
pandas/pydata/sparse,500000,1,2230.796875,47.42701542
pandas/pydata/sparse,500000,2,2234.2421875,92.119830465
pandas/pydata/sparse,500000,2,2234.7109375,94.031874192
pandas/pydata/sparse,500000,2,2234.640625,95.064747566
pandas/pydata/sparse,500000,3,2237.609375,141.632208306
pandas/pydata/sparse,500000,3,2237.5,138.400026854
pandas/pydata/sparse,500000,3,2237.5625,140.127573237
